{"cameraMode":{"drawMode":0,"name":"Shaded","section":"Shading Mode"},"sceneLighting":false,"audioPlay":false,"sceneViewState":{"m_AlwaysRefresh":false,"showFog":true,"showSkybox":false,"showFlares":true,"showImageEffects":true,"showParticleSystems":true,"showVisualEffectGraphs":true,"m_FxEnabled":true},"in2DMode":false,"pivot":{"x":0.12317626178264618,"y":1.2339999675750733,"z":-4.402000427246094},"rotation":{"x":-0.058469414710998538,"y":-0.7245740294456482,"z":-0.061821214854717258,"w":0.6839895248413086},"size":0.6145339608192444,"orthographic":false}