{"cameraMode":{"drawMode":0,"name":"Shaded","section":"Shading Mode"},"sceneLighting":true,"audioPlay":false,"sceneViewState":{"m_AlwaysRefresh":false,"showFog":true,"showSkybox":true,"showFlares":true,"showImageEffects":true,"showParticleSystems":true,"showVisualEffectGraphs":true,"m_FxEnabled":true},"in2DMode":false,"pivot":{"x":621.8236694335938,"y":1138.3394775390625,"z":69.788818359375},"rotation":{"x":-0.1259911060333252,"y":-0.0008644539630040526,"z":0.00006884761387482285,"w":-0.9921769499778748},"size":802.736572265625,"orthographic":false}