{"cameraMode":{"drawMode":0,"name":"Shaded","section":"Shading Mode"},"sceneLighting":false,"audioPlay":false,"sceneViewState":{"m_AlwaysRefresh":false,"showFog":true,"showSkybox":false,"showFlares":true,"showImageEffects":true,"showParticleSystems":true,"showVisualEffectGraphs":true,"m_FxEnabled":true},"in2DMode":false,"pivot":{"x":0.030000001192092897,"y":0.07500000298023224,"z":0.07500000298023224},"rotation":{"x":-0.1006656289100647,"y":0.6767756342887878,"z":-0.09423177689313889,"w":-0.7233681678771973},"size":0.11022704094648361,"orthographic":false}