{"cameraMode":{"drawMode":0,"name":"Shaded","section":"Shading Mode"},"sceneLighting":false,"audioPlay":false,"sceneViewState":{"m_AlwaysRefresh":false,"showFog":true,"showSkybox":false,"showFlares":true,"showImageEffects":true,"showParticleSystems":true,"showVisualEffectGraphs":true,"m_FxEnabled":true},"in2DMode":false,"pivot":{"x":-0.06199999153614044,"y":1.2610000371932984,"z":-4.354000091552734},"rotation":{"x":-0.18030865490436555,"y":0.07275769859552384,"z":-0.013910026289522648,"w":-0.9810159206390381},"size":2.075970411300659,"orthographic":false}