{"cameraMode":{"drawMode":0,"name":"Shaded","section":"Shading Mode"},"sceneLighting":false,"audioPlay":false,"sceneViewState":{"m_AlwaysRefresh":false,"showFog":true,"showSkybox":false,"showFlares":true,"showImageEffects":true,"showParticleSystems":true,"showVisualEffectGraphs":true,"m_FxEnabled":true},"in2DMode":false,"pivot":{"x":-1.3364906311035157,"y":3.6381797790527345,"z":1.2937660217285157},"rotation":{"x":-0.19204498827457429,"y":0.39792582392692568,"z":-0.0856013372540474,"w":-0.8931624293327332},"size":11.244394302368164,"orthographic":false}